<?xml version="1.0" encoding="utf-8"?>
<edmx:Edmx Version="1.0" xmlns:edmx="http://schemas.microsoft.com/ado/2007/06/edmx" xmlns:m="http://schemas.microsoft.com/ado/2007/08/dataservices/metadata" xmlns:sap="http://www.sap.com/Protocols/SAPData">
    <edmx:DataServices m:DataServiceVersion="2.0">
        <Schema Namespace="ZG_CURSO_FIORI_EDSONCR_SRV" xml:lang="pt" sap:schema-version="1" xmlns="http://schemas.microsoft.com/ado/2008/09/edm">
            <Annotation Term="Core.SchemaVersion" String="1.0.0" xmlns="http://docs.oasis-open.org/odata/ns/edm"/>
            <EntityType Name="Subscription" sap:semantics="subscriptions" sap:content-version="1">
                <Key>
                    <PropertyRef Name="ID"/>
                </Key>
                <Property Name="ID" Type="Edm.String" Nullable="false" MaxLength="32" sap:label="Sub. ID" sap:creatable="false" sap:updatable="false" sap:filterable="false"/>
                <Property Name="user" Type="Edm.String" MaxLength="12" m:FC_TargetPath="SyndicationAuthorName" m:FC_KeepInContent="false" sap:label="Nome do usuário" sap:creatable="false" sap:filterable="false"/>
                <Property Name="updated" Type="Edm.DateTime" Precision="0" m:FC_TargetPath="SyndicationUpdated" m:FC_KeepInContent="false" sap:label="Registro hora" sap:creatable="false" sap:filterable="false"/>
                <Property Name="title" Type="Edm.String" MaxLength="255" m:FC_TargetPath="SyndicationTitle" m:FC_KeepInContent="false" sap:label="Title" sap:filterable="false"/>
                <Property Name="deliveryAddress" Type="Edm.String" sap:label="Delivery Address" sap:filterable="false"/>
                <Property Name="persistNotifications" Type="Edm.Boolean" sap:label="Persist Notification" sap:filterable="false"/>
                <Property Name="collection" Type="Edm.String" MaxLength="40" sap:label="Collection" sap:filterable="false"/>
                <Property Name="filter" Type="Edm.String" sap:label="Filter" sap:filterable="false"/>
                <Property Name="select" Type="Edm.String" MaxLength="255" sap:label="Select" sap:filterable="false"/>
                <Property Name="changeType" Type="Edm.String" MaxLength="30" sap:label="Change Type"/>
            </EntityType>
            <EntityType Name="Notification" sap:semantics="notifications" sap:content-version="1">
                <Key>
                    <PropertyRef Name="ID"/>
                </Key>
                <Property Name="ID" Type="Edm.String" Nullable="false" MaxLength="32" sap:label="Notification ID"/>
                <Property Name="collection" Type="Edm.String" MaxLength="40" sap:label="Collection"/>
                <Property Name="title" Type="Edm.String" m:FC_TargetPath="SyndicationTitle" m:FC_KeepInContent="false" sap:label="Notif. Text"/>
                <Property Name="updated" Type="Edm.DateTime" Precision="0" m:FC_TargetPath="SyndicationUpdated" m:FC_KeepInContent="false" sap:label="Registro hora"/>
                <Property Name="changeType" Type="Edm.String" MaxLength="30" sap:label="Change Type"/>
                <Property Name="entriesOfInterest" Type="Edm.Int32" sap:label="No. of Entries"/>
                <Property Name="recipient" Type="Edm.String" MaxLength="112" sap:label="Recipient" sap:creatable="false" sap:updatable="false"/>
            </EntityType>
            <EntityType Name="AlunosFioriEDSONCR" sap:content-version="1">
                <Key>
                    <PropertyRef Name="Usuario"/>
                </Key>
                <Property Name="Email" Type="Edm.String" MaxLength="50" sap:unicode="false" sap:label="Email"/>
                <Property Name="Cep" Type="Edm.String" Nullable="false" MaxLength="50" sap:unicode="false" sap:label="Comentário" sap:creatable="false" sap:updatable="false" sap:sortable="false" sap:filterable="false"/>
                <Property Name="Usuario" Type="Edm.String" Nullable="false" MaxLength="50" sap:unicode="false" sap:label="Usuário"/>
                <Property Name="Endereco" Type="Edm.String" Nullable="false" MaxLength="50" sap:unicode="false" sap:label="Comentário" sap:creatable="false" sap:updatable="false" sap:sortable="false" sap:filterable="false"/>
                <Property Name="Nome" Type="Edm.String" MaxLength="50" sap:unicode="false" sap:label="Nome"/>
                <Property Name="Bairro" Type="Edm.String" Nullable="false" MaxLength="50" sap:unicode="false" sap:label="Comentário" sap:creatable="false" sap:updatable="false" sap:sortable="false" sap:filterable="false"/>
                <Property Name="ProjetoSegw" Type="Edm.String" MaxLength="50" sap:unicode="false" sap:label="Projeto SEGW"/>
            </EntityType>
            <EntityType Name="ZshHelpAlunoEc" sap:content-version="1">
                <Key>
                    <PropertyRef Name="Usuario"/>
                </Key>
                <Property Name="Usuario" Type="Edm.String" Nullable="false" MaxLength="50" sap:unicode="false" sap:label="Comentário" sap:creatable="false" sap:updatable="false" sap:sortable="false" sap:filterable="false"/>
                <Property Name="Nome" Type="Edm.String" Nullable="false" MaxLength="50" sap:unicode="false" sap:label="Comentário" sap:creatable="false" sap:updatable="false" sap:sortable="false" sap:filterable="false"/>
                <Property Name="ProjetoSegw" Type="Edm.String" Nullable="false" MaxLength="50" sap:unicode="false" sap:label="Comentário" sap:creatable="false" sap:updatable="false" sap:sortable="false" sap:filterable="false"/>
                <Property Name="Email" Type="Edm.String" Nullable="false" MaxLength="50" sap:unicode="false" sap:label="Comentário" sap:creatable="false" sap:updatable="false" sap:sortable="false" sap:filterable="false"/>
                <Property Name="Cep" Type="Edm.String" Nullable="false" MaxLength="50" sap:unicode="false" sap:label="Comentário" sap:creatable="false" sap:updatable="false" sap:sortable="false" sap:filterable="false"/>
                <Property Name="Endereco" Type="Edm.String" Nullable="false" MaxLength="50" sap:unicode="false" sap:label="Comentário" sap:creatable="false" sap:updatable="false" sap:sortable="false" sap:filterable="false"/>
                <Property Name="Bairro" Type="Edm.String" Nullable="false" MaxLength="50" sap:unicode="false" sap:label="Comentário" sap:creatable="false" sap:updatable="false" sap:sortable="false" sap:filterable="false"/>
            </EntityType>
            <EntityContainer Name="ZG_CURSO_FIORI_EDSONCR_SRV_Entities" m:IsDefaultEntityContainer="true" sap:supported-formats="atom json xlsx">
                <EntitySet Name="SubscriptionCollection" EntityType="ZG_CURSO_FIORI_EDSONCR_SRV.Subscription" sap:content-version="1"/>
                <EntitySet Name="NotificationCollection" EntityType="ZG_CURSO_FIORI_EDSONCR_SRV.Notification" sap:creatable="false" sap:updatable="false" sap:deletable="false" sap:addressable="false" sap:content-version="1"/>
                <EntitySet Name="AlunosFioriEDSONCRSet" EntityType="ZG_CURSO_FIORI_EDSONCR_SRV.AlunosFioriEDSONCR" sap:searchable="true" sap:requires-filter="true" sap:content-version="1"/>
                <EntitySet Name="ZshHelpAlunoEcSet" EntityType="ZG_CURSO_FIORI_EDSONCR_SRV.ZshHelpAlunoEc" sap:creatable="false" sap:updatable="false" sap:deletable="false" sap:pageable="false" sap:content-version="1"/>
            </EntityContainer>
            <atom:link rel="self" href="https://SAPFIORIEXED:44300/sap/opu/odata/sap/ZG_CURSO_FIORI_EDSONCR_SRV/$metadata" xmlns:atom="http://www.w3.org/2005/Atom"/>
            <atom:link rel="latest-version" href="https://SAPFIORIEXED:44300/sap/opu/odata/sap/ZG_CURSO_FIORI_EDSONCR_SRV/$metadata" xmlns:atom="http://www.w3.org/2005/Atom"/>
        </Schema>
    </edmx:DataServices>
</edmx:Edmx>